Регион;2008_по ст.105 УК РФ (Убийство);2008_по ст.111 УК РФ (Умышленное причинение вреда здоровью);2008_по ст.131 УК РФ (Изнасилование);2008_по ст.158 УК РФ (Кража);2008_по ст.161 УК РФ (Грабёж);2008_по ст.162 УК РФ (Разбой);2008_по ст.163 УК РФ (Вымогательство);2008_по ст.213 УК РФ (Хулиганство);2009_по ст.105 УК РФ (Убийство);2009_по ст.111 УК РФ (Умышленное причинение вреда здоровью);2009_по ст.131 УК РФ (Изнасилование);2009_по ст.158 УК РФ (Кража);2009_по ст.161 УК РФ (Грабёж);2009_по ст.162 УК РФ (Разбой);2009_по ст.163 УК РФ (Вымогательство);2009_по ст.213 УК РФ (Хулиганство);2010_по ст.105 УК РФ (Убийство);2010_по ст.111 УК РФ (Умышленное причинение вреда здоровью);2010_по ст.131 УК РФ (Изнасилование);2010_по ст.158 УК РФ (Кража);2010_по ст.161 УК РФ (Грабёж);2010_по ст.162 УК РФ (Разбой);2010_по ст.163 УК РФ (Вымогательство);2010_по ст.213 УК РФ (Хулиганство);2011_по ст.105 УК РФ (Убийство);2011_по ст.111 УК РФ (Умышленное причинение вреда здоровью);2011_по ст.131 УК РФ (Изнасилование);2011_по ст.158 УК РФ (Кража);2011_по ст.161 УК РФ (Грабёж);2011_по ст.162 УК РФ (Разбой);2011_по ст.163 УК РФ (Вымогательство);2011_по ст.213 УК РФ (Хулиганство);2012_по ст.105 УК РФ (Убийство);2012_по ст.111 УК РФ (Умышленное причинение вреда здоровью);2012_по ст.131 УК РФ (Изнасилование);2012_по ст.158 УК РФ (Кража);2012_по ст.161 УК РФ (Грабёж);2012_по ст.162 УК РФ (Разбой);2012_по ст.163 УК РФ (Вымогательство);2012_по ст.213 УК РФ (Хулиганство);2013_по ст.105 УК РФ (Убийство);2013_по ст.111 УК РФ (Умышленное причинение вреда здоровью);2013_по ст.131 УК РФ (Изнасилование);2013_по ст.158 УК РФ (Кража);2013_по ст.161 УК РФ (Грабёж);2013_по ст.162 УК РФ (Разбой);2013_по ст.163 УК РФ (Вымогательство);2013_по ст.213 УК РФ (Хулиганство);2014_по ст.105 УК РФ (Убийство);2014_по ст.111 УК РФ (Умышленное причинение вреда здоровью);2014_по ст.131 УК РФ (Изнасилование);2014_по ст.158 УК РФ (Кража);2014_по ст.161 УК РФ (Грабёж);2014_по ст.162 УК РФ (Разбой);2014_по ст.163 УК РФ (Вымогательство);2014_по ст.213 УК РФ (Хулиганство);2015_по ст.105 УК РФ (Убийство);2015_по ст.111 УК РФ (Умышленное причинение вреда здоровью);2015_по ст.131 УК РФ (Изнасилование);2015_по ст.158 УК РФ (Кража);2015_по ст.161 УК РФ (Грабёж);2015_по ст.162 УК РФ (Разбой);2015_по ст.163 УК РФ (Вымогательство);2015_по ст.213 УК РФ (Хулиганство);2016_по ст.105 УК РФ (Убийство);2016_по ст.111 УК РФ (Умышленное причинение вреда здоровью);2016_по ст.131 УК РФ (Изнасилование);2016_по ст.158 УК РФ (Кража);2016_по ст.161 УК РФ (Грабёж);2016_по ст.162 УК РФ (Разбой);2016_по ст.163 УК РФ (Вымогательство);2016_по ст.213 УК РФ (Хулиганство);2017_по ст.105 УК РФ (Убийство);2017_по ст.111 УК РФ (Умышленное причинение вреда здоровью);2017_по ст.131 УК РФ (Изнасилование);2017_по ст.158 УК РФ (Кража);2017_по ст.161 УК РФ (Грабёж);2017_по ст.162 УК РФ (Разбой);2017_по ст.163 УК РФ (Вымогательство);2017_по ст.213 УК РФ (Хулиганство);2018_по ст.105 УК РФ (Убийство);2018_по ст.111 УК РФ (Умышленное причинение вреда здоровью);2018_по ст.131 УК РФ (Изнасилование);2018_по ст.158 УК РФ (Кража);2018_по ст.161 УК РФ (Грабёж);2018_по ст.162 УК РФ (Разбой);2018_по ст.163 УК РФ (Вымогательство);2018_по ст.213 УК РФ (Хулиганство);2019_по ст.105 УК РФ (Убийство);2019_по ст.111 УК РФ (Умышленное причинение вреда здоровью);2019_по ст.131 УК РФ (Изнасилование);2019_по ст.158 УК РФ (Кража);2019_по ст.161 УК РФ (Грабёж);2019_по ст.162 УК РФ (Разбой);2019_по ст.163 УК РФ (Вымогательство);2019_по ст.213 УК РФ (Хулиганство);2020_по ст.105 УК РФ (Убийство);2020_по ст.111 УК РФ (Умышленное причинение вреда здоровью);2020_по ст.131 УК РФ (Изнасилование);2020_по ст.158 УК РФ (Кража);2020_по ст.161 УК РФ (Грабёж);2020_по ст.162 УК РФ (Разбой);2020_по ст.163 УК РФ (Вымогательство);2020_по ст.213 УК РФ (Хулиганство)
Российская Федерация;19740;45436;6208;1326342;243957;35366;9953;13589;17414;43112;5398;1188574;205379;30085;8492;9474;15324;39745;4907;1108369;164547;24537;6575;7219;14091;38512;4801;1038566;127772;20080;5915;5635;13059;37091;4486;992238;110063;18622;5989;5155;12151;34786;4246;922562;92069;16416;6594;4850;11766;32899;4163;908901;77725;14340;4541;4022;11353;30167;3936;1018456;72739;13642;4259;3318;10315;27442;3893;871084;61524;11416;4561;2597;9616;24552;3538;788531;56855;9104;5159;2190;8469;23224;3374;756395;50111;7474;5100;2091;7879;21465;3177;774159;45815;6739;5384;2005;7609;20019;3535;751243;38392;5280;6058;1773
Центральный федеральный округ;4213;8229;1288;298053;49342;10290;1137;3563;3497;7857;1167;280553;44218;8588;1218;2781;2973;7281;1082;269393;35832;6902;919;2307;2703;7199;1027;265154;29922;5828;782;1796;2488;6872;934;262901;28199;5774;1011;1523;2272;6191;840;240968;24660;5160;1613;1357;2231;5840;798;237347;20423;4291;826;1042;2165;5373;758;263219;19629;4065;811;865;1959;4999;663;228199;16089;3324;763;808;1762;4527;559;189865;13674;2398;876;662;1629;4219;545;182255;12436;2017;929;671;1518;4055;522;186225;11353;1859;1031;594;1369;3684;519;175669;9479;1349;1089;505
Белгородская область;98;232;33;6864;789;121;53;82;83;206;21;6810;767;106;45;59;81;196;11;6696;746;98;30;21;83;192;16;6730;581;58;29;24;65;211;27;6579;547;74;29;14;78;203;28;6455;392;56;36;13;61;175;14;6298;330;48;34;16;73;182;17;7262;310;59;26;8;67;147;14;5494;249;51;21;8;66;122;9;5021;259;45;25;4;63;128;14;4985;301;21;21;8;47;110;5;5328;294;25;43;4;46;121;5;5237;187;24;48;3
Брянская область;155;334;43;10997;1000;155;29;95;135;320;39;9502;939;154;30;73;127;272;35;8882;809;148;28;59;108;297;24;7639;563;99;22;65;116;255;24;7660;514;81;25;44;89;280;59;7707;553;99;19;36;106;270;31;6984;433;91;22;46;91;204;22;7073;368;81;22;25;61;198;25;6449;334;76;22;18;59;171;17;5354;325;52;21;4;45;164;13;5152;348;49;31;12;56;177;17;4644;249;36;22;10;51;137;9;4520;270;27;33;14
Владимирская область;176;353;28;14346;1910;373;50;115;173;360;49;12791;1696;340;46;93;163;388;45;12123;1310;276;56;62;138;355;51;11280;1193;253;62;46;147;312;50;10123;1092;228;26;41;118;288;35;7966;714;132;24;40;123;249;46;8589;795;142;30;20;109;232;31;9343;802;132;39;12;111;232;30;8271;666;109;17;10;100;195;19;7621;699;71;17;6;74;182;27;6569;641;61;39;5;62;191;18;6504;543;45;25;5;69;162;12;6212;453;40;41;3
Воронежская область;177;418;39;16236;2007;419;79;57;150;429;44;13807;1731;324;67;54;135;354;33;12742;1251;247;33;40;136;373;44;13147;1132;252;44;43;112;375;42;14465;1196;239;118;48;121;348;41;16675;1290;285;37;46;128;350;44;18675;1277;323;31;33;140;339;35;21372;1229;294;39;24;116;283;45;16855;984;230;48;25;99;270;37;15658;850;174;69;20;80;228;31;13409;722;125;61;14;86;196;38;15148;688;121;82;14;85;225;36;13963;584;99;76;12
Ивановская область;154;289;52;9757;1626;219;46;76;155;336;29;8354;1329;212;41;54;111;300;30;7889;1009;176;41;48;73;260;48;7454;917;146;31;67;94;217;33;6928;784;133;24;38;74;212;29;6158;641;116;22;32;53;219;26;6257;567;99;31;27;52;175;28;6515;489;92;29;16;61;177;18;6156;486;87;21;18;73;176;27;6647;614;80;35;18;62;156;16;5705;391;54;23;12;53;134;12;5582;383;49;42;17;50;145;19;5081;370;35;43;12
Калужская область;135;258;76;8531;946;274;21;75;136;271;63;8137;800;228;37;52;109;230;55;7328;626;182;35;25;98;272;56;6444;534;169;39;38;93;286;47;6230;536;127;48;27;87;222;48;7054;554;126;49;38;80;219;30;7105;553;113;27;18;82;198;42;8454;520;91;42;19;69;182;54;6967;385;72;26;9;67;191;37;6415;395;58;36;5;62;151;30;5947;404;41;26;10;48;142;33;6032;316;43;37;9;56;117;20;6641;389;44;61;10
Костромская область;104;182;38;4276;752;100;44;20;84;175;32;3607;602;99;195;17;54;153;34;3508;549;75;38;18;53;131;23;3141;414;61;41;18;47;124;15;3066;260;44;29;26;37;130;19;2577;229;45;19;14;37;120;20;2762;242;39;23;5;40;84;14;3593;256;37;17;6;27;103;21;2921;190;31;18;4;26;87;12;3124;239;28;20;4;21;74;8;2841;178;21;5;4;31;86;21;2836;195;21;11;8;28;81;12;3113;167;20;19;2
Курская область;104;206;46;11169;1047;122;48;49;99;229;55;9568;847;113;40;22;69;234;32;8970;735;121;25;10;74;214;42;8312;556;86;9;14;69;208;33;7085;443;57;15;16;65;212;28;5642;337;57;7;8;63;162;29;5377;362;46;11;5;68;161;26;5756;296;61;13;7;51;131;20;4376;234;66;19;5;35;124;26;4095;197;53;12;2;39;111;38;4066;203;38;24;0;32;120;18;5040;195;47;28;1;39;99;51;5178;169;32;30;2
Липецкая область;116;235;37;9071;1447;106;15;61;104;213;12;7739;1131;75;13;48;98;209;14;7465;1067;82;12;28;114;245;15;7159;840;80;22;26;96;195;17;5942;632;73;39;17;93;183;20;5549;572;62;13;19;72;168;16;4971;420;58;15;11;56;179;15;6109;478;38;39;6;59;155;23;4646;394;41;11;8;45;153;13;4350;479;40;15;7;43;127;20;4352;416;45;16;6;48;114;5;4418;349;35;23;14;48;93;8;4684;344;27;21;13
Московская область;1011;1990;290;48732;8486;2152;206;615;855;1790;211;46768;7713;1816;196;466;731;1687;183;46143;6422;1429;150;406;680;1714;207;48623;5564;1281;146;291;623;1600;192;47378;5052;1130;189;242;507;1401;179;46529;4995;1119;474;207;574;1308;162;38510;3317;771;173;144;557;1252;158;39196;2952;685;136;153;500;1118;139;38559;2724;657;120;157;415;1042;131;34237;2709;530;166;155;364;1006;110;31257;2415;472;184;154;364;979;120;28809;2069;427;140;116;305;985;121;25209;1916;316;107;101
Орловская область;97;179;18;7662;678;126;40;107;80;133;25;5760;531;114;27;61;61;133;11;5043;424;75;17;73;72;131;9;4770;316;62;6;28;51;137;15;5180;381;64;14;29;60;115;11;4875;344;52;17;23;53;121;18;4987;330;32;7;29;42;99;17;4815;306;51;15;16;41;82;7;3822;246;29;10;16;41;59;6;3170;204;24;19;4;38;76;7;3294;240;20;15;9;50;65;6;3151;211;24;8;12;26;50;11;2503;218;21;12;7
Рязанская область;94;219;37;4877;584;135;9;19;125;217;29;3771;493;94;7;12;94;200;23;3646;425;97;1;7;77;206;19;3874;421;75;10;12;69;212;12;3794;351;79;5;7;70;174;14;3359;321;89;39;12;55;143;12;3356;286;63;20;16;59;113;8;3560;294;70;4;5;59;151;10;3154;250;54;2;4;58;133;7;3316;350;52;3;8;45;114;10;3102;279;49;5;7;34;105;10;3429;258;29;2;8;50;73;17;2888;224;18;2;3
Смоленская область;116;336;41;9297;1482;222;82;160;121;280;101;8308;1358;203;83;138;89;257;37;8292;1096;181;93;138;78;240;23;7233;839;101;48;94;73;229;34;6911;634;98;100;51;61;184;20;6043;521;63;26;33;87;186;18;5301;416;60;13;27;76;196;19;5071;308;56;47;14;63;208;16;4912;281;57;16;14;43;158;11;4745;314;48;15;13;52;152;18;4335;361;40;30;24;60;147;17;5236;405;41;38;29;62;113;14;5463;428;42;57;14
Тамбовская область;96;197;39;6485;553;99;31;112;91;186;36;5306;490;69;31;93;78;208;31;4728;388;64;12;58;77;164;22;5030;380;53;16;58;72;156;22;4221;279;48;13;34;59;153;22;3839;268;51;22;40;61;150;12;3889;254;30;11;14;54;147;17;4521;236;40;10;14;49;131;8;3843;199;37;12;20;51;142;16;3869;217;27;26;9;54;135;8;3836;214;17;21;19;46;113;8;4060;209;18;48;16;38;124;10;4046;225;11;50;10
Тверская область;218;446;71;17701;2320;383;68;220;163;416;69;16419;1790;307;46;187;153;387;55;14934;1360;300;36;92;154;406;40;14318;1237;237;36;68;126;315;55;11721;823;164;25;38;112;305;23;8554;521;105;17;22;124;293;47;8546;478;114;15;25;123;244;39;9907;442;106;25;12;97;218;42;9067;410;98;31;20;110;231;32;8403;397;69;31;14;112;183;30;7816;330;37;39;15;81;158;27;8066;372;39;58;16;73;149;26;9589;409;29;57;23
Тульская область;202;439;38;6831;885;229;23;63;203;457;42;6012;921;242;23;67;151;374;43;5513;793;187;35;32;113;346;31;5367;605;133;22;18;114;304;36;5150;526;103;13;18;130;304;27;4487;511;92;7;26;103;298;18;4652;338;101;9;10;118;264;25;5390;385;98;11;11;106;241;14;4439;362;81;6;16;93;219;18;4528;357;62;9;12;77;197;19;5048;359;63;16;11;64;196;8;4514;318;52;23;13;63;180;14;4505;325;43;19;9
Ярославская область;179;358;44;12355;2745;405;86;51;115;349;41;12079;2405;362;96;33;96;322;38;10849;1693;292;43;16;88;291;36;9301;1126;201;23;15;76;298;31;8307;872;152;35;28;92;255;20;7372;762;149;17;26;78;256;23;7423;793;148;14;18;77;255;21;11562;936;121;26;20;76;245;23;8992;719;109;26;24;70;185;17;7955;603;99;34;7;61;199;15;7852;625;90;47;19;71;200;26;7829;628;78;42;12;59;156;22;6718;463;51;37;9
г. Москва;981;1558;318;92866;20085;4650;207;1586;625;1490;269;95815;18675;3730;195;1252;573;1377;372;94642;15129;2872;234;1174;487;1362;321;95332;12704;2481;176;871;445;1438;249;102161;13277;2880;264;805;419;1222;217;90127;11135;2462;768;722;373;1153;232;93665;9232;2013;340;578;348;1049;224;103720;9022;1953;271;497;346;997;154;89276;6976;1439;337;432;311;869;124;61357;4466;886;323;370;337;836;131;62689;4009;774;326;342;285;822;133;65599;3671;729;359;290;221;674;112;60119;2338;470;376;258
Северо-Западный федеральный округ;1981;3826;459;119895;23754;3636;864;1289;1770;3583;412;109842;19244;3085;621;867;1532;3187;332;97916;14921;2414;596;640;1277;3232;462;93796;11495;1937;567;588;1159;3096;370;87303;9798;1810;340;587;1043;2716;351;82969;8307;1537;346;575;1101;2686;272;85436;7101;1449;350;584;946;2554;300;95017;7400;1433;420;515;1008;2318;249;79009;6331;1138;404;341;928;2072;215;72735;5780;1002;475;289;832;1979;200;68876;5300;877;482;259;733;1926;231;71847;5068;749;528;267;741;1771;201;77875;4557;600;630;250
Республика Карелия;97;222;14;6236;967;115;16;47;92;222;17;6093;757;103;20;29;72;189;13;5220;624;79;16;25;84;193;17;5729;629;69;8;26;56;184;16;4803;396;49;9;20;64;157;19;4743;396;62;22;30;78;159;17;5349;333;49;17;72;64;157;16;6689;394;67;18;109;62;164;18;5481;411;39;22;45;53;153;15;4477;378;43;30;26;47;147;10;4920;383;32;48;19;43;113;11;5219;377;39;38;15;59;114;19;5404;469;22;60;21
Республика Коми;171;478;56;9708;2036;163;133;107;156;453;59;8167;1608;166;95;85;146;347;51;6783;1083;116;101;66;122;361;44;5923;749;70;76;39;118;351;51;5741;646;94;71;44;110;371;44;6509;633;90;72;73;104;348;53;6781;685;94;89;123;84;332;43;7208;624;91;111;93;118;300;29;5655;406;62;84;50;84;284;21;5301;523;57;86;39;85;227;23;4433;377;30;72;20;65;247;24;4821;411;39;109;13;57;238;21;5219;383;41;93;7
Архангельская область (с а/о);216;422;88;12816;1998;334;101;122;171;417;86;11549;1638;263;105;84;161;376;72;11059;1544;251;81;41;148;394;141;11720;1275;166;79;43;127;377;63;10924;1073;184;66;45;113;305;47;9725;970;141;48;42;149;348;43;8340;742;123;59;25;148;329;45;9911;840;124;73;29;138;292;45;8281;673;95;72;19;175;239;36;7419;693;105;107;20;120;232;21;6958;644;101;92;30;130;211;26;7251;709;86;89;50;116;207;30;7331;550;72;136;16
Архангельская область (без а/о);199;398;87;12486;1953;330;91;102;163;400;85;11201;1607;259;97;74;152;358;71;10715;1518;246;76;36;142;377;139;11391;1259;162;74;41;123;354;63;10649;1061;182;66;45;104;289;47;9543;954;140;48;41;143;330;43;8101;732;121;58;25;139;316;45;9645;829;124;72;25;131;277;41;8041;665;92;71;19;170;224;36;7191;685;104;104;20;119;220;20;6686;624;101;87;26;127;203;26;7040;694;85;86;48;113;199;28;7131;543;71;127;16
Ненецкий автономный округ;17;24;1;330;45;4;10;20;8;17;1;348;31;4;8;10;9;18;1;344;26;5;5;5;6;17;2;329;16;4;5;2;4;23;0;275;12;2;0;0;9;16;0;182;16;1;0;1;6;18;0;239;10;2;1;0;9;13;0;266;11;0;1;4;7;15;4;240;8;3;1;0;5;15;0;228;8;1;3;0;1;12;1;272;20;0;5;4;3;8;0;211;15;1;3;2;3;8;2;200;7;1;9;0
Вологодская область;155;479;43;12169;2123;345;98;257;179;436;33;11377;1613;271;67;178;143;404;31;10697;1380;217;65;128;125;411;41;11812;1283;164;47;130;106;378;33;10754;1119;127;32;173;92;326;19;10593;864;109;45;165;98;326;17;10462;793;93;35;156;94;334;19;12558;865;100;44;123;84;285;15;10746;704;76;59;74;75;261;18;8162;544;62;50;25;81;237;9;6907;398;58;47;14;63;239;15;6175;404;40;45;14;71;216;11;5927;396;29;74;9
Калининградская область;101;256;13;8497;1290;136;19;30;96;234;20;9556;1216;146;17;25;94;184;18;8042;1075;133;28;18;66;199;15;7670;881;100;18;14;57;196;15;7402;794;103;7;20;58;177;13;7306;658;100;7;15;60;171;16;7880;630;90;20;11;54;155;35;8373;657;83;18;10;59;125;9;6038;512;74;16;7;59;113;8;8367;476;68;49;5;37;112;13;6147;441;45;39;12;46;129;8;6675;348;45;38;11;48;95;16;5930;297;34;45;5
ГУ МВД России по г.Санкт-Петербургу и Ленинградской области;957;1236;177;48151;12460;2118;388;507;815;1129;150;43307;9999;1743;237;341;677;1059;109;37318;7075;1303;230;269;538;1036;170;33381;5000;1122;264;248;503;990;137;31320;4396;1075;96;206;403;868;180;29160;3682;883;103;168;431;839;93;31810;3045;841;77;146;361;748;113;31575;3072;845;106;114;384;718;103;28308;2725;653;77;111;337;683;92;26980;2431;560;81;127;339;667;103;28278;2271;536;106;127;280;641;122;30917;2049;424;127;147;280;616;77;36533;1847;350;121;172
Ленинградская область;312;546;58;15180;2239;531;306;78;283;517;49;14893;1906;492;100;67;254;474;45;13050;1627;368;71;60;228;435;60;10918;987;225;129;62;200;397;36;8949;662;268;29;38;162;309;110;8437;621;173;29;43;175;332;35;8329;575;137;19;43;159;261;39;8947;560;143;36;27;172;288;34;7672;505;148;20;22;139;247;41;7573;511;139;28;37;150;250;35;9104;524;137;42;34;142;253;62;11690;506;115;50;42;132;269;35;13037;513;90;43;47
Мурманская область;80;280;10;8206;1346;112;45;54;61;272;5;7044;1021;108;38;29;74;253;6;7673;942;89;38;49;50;249;6;6958;773;87;33;48;59;220;20;5520;575;54;23;31;60;168;12;5118;414;43;21;33;53;192;14;4836;325;51;25;17;39;195;7;7735;319;40;38;13;52;188;4;5305;299;32;42;14;44;148;3;4200;262;26;46;14;33;149;3;3740;302;16;32;15;34;148;3;3547;270;26;34;5;29;123;1;3881;218;15;47;8
Новгородская область;106;217;30;7183;817;183;41;123;111;211;24;6679;769;174;22;67;94;171;20;5393;640;132;16;28;80;198;17;4668;484;78;17;29;73;180;21;5592;423;63;13;39;72;165;6;5423;376;52;18;38;64;146;10;5575;318;51;22;24;57;165;13;5921;375;49;7;18;69;134;16;5304;366;49;23;18;42;99;11;4553;314;38;8;31;46;103;14;4510;349;24;35;15;40;95;10;4466;376;19;36;7;50;86;20;4601;272;22;48;11
Псковская область;98;236;28;6929;717;130;23;42;89;209;18;6070;623;111;20;29;71;204;12;5731;558;94;21;16;64;191;11;5935;421;81;25;11;60;220;14;5247;376;61;23;9;71;179;11;4392;314;57;10;11;64;157;9;4403;230;57;6;10;45;139;9;5047;254;34;5;6;42;112;10;3891;235;58;9;3;59;92;11;3276;159;43;18;2;44;105;4;2983;135;35;11;7;32;103;12;2776;124;31;12;5;31;76;6;3049;125;15;6;1
г. Санкт-Петербург;645;690;119;32971;10221;1587;82;429;532;612;101;28414;8093;1251;137;274;423;585;64;24268;5448;935;159;209;310;601;110;22463;4013;897;135;186;303;593;101;22371;3734;807;67;168;241;559;70;20723;3061;710;74;125;256;507;58;23481;2470;704;58;103;202;487;74;22628;2512;702;70;87;212;430;69;20636;2220;505;57;89;198;436;51;19407;1920;421;53;90;189;417;68;19174;1747;399;64;93;138;388;60;19227;1543;309;77;105;148;347;42;23496;1334;260;78;125
Северо-Кавказский федеральный округ;777;985;224;27514;3165;919;239;379;822;943;243;23931;3041;921;308;396;859;957;220;22923;2763;923;218;387;813;852;221;21299;2299;740;241;264;637;794;225;21301;2046;705;268;247;618;754;191;19218;1593;513;248;237;463;755;177;18672;1323;467;218;182;431;657;160;20977;1175;400;179;154;356;576;195;18935;963;377;197;103;305;570;159;17334;996;281;212;92;304;556;136;18601;1006;240;265;74;279;525;149;19872;919;198;231;62;246;437;171;18218;814;145;297;60
Республика Дагестан;169;164;68;2830;386;139;46;85;200;160;76;2513;435;143;56;71;293;156;40;2573;361;127;44;103;305;137;47;2219;265;157;74;78;213;116;59;2193;267;207;90;48;227;140;50;2412;238;120;77;54;148;119;41;2235;197;93;85;40;109;113;26;2308;148;87;50;27;102;89;19;2469;140;61;36;18;71;110;25;2220;157;49;45;21;82;79;18;1999;126;46;53;17;68;75;17;1615;89;37;29;20;55;87;56;1372;57;17;36;21
Республика Ингушетия;80;21;4;330;25;28;5;36;99;23;1;236;13;51;4;62;60;21;2;189;9;26;0;30;49;15;1;216;15;25;5;7;22;13;4;155;7;13;5;13;23;9;0;172;8;9;4;7;17;12;3;157;7;13;4;7;16;19;4;260;13;16;4;4;16;11;2;316;16;10;3;4;23;9;2;339;9;9;2;5;17;11;1;320;20;8;1;3;13;12;1;265;16;4;5;6;17;14;3;207;10;7;1;2
Кабардино-Балкарская Республика;68;92;34;3785;441;84;24;22;49;116;43;3244;443;147;47;35;93;95;34;3196;415;187;38;38;110;81;30;2957;332;121;20;18;87;75;22;3021;242;88;25;23;41;91;29;2569;207;89;29;6;44;65;18;2336;160;78;17;2;40;66;16;2549;136;54;20;5;25;58;85;2061;113;43;28;1;25;43;12;1822;95;16;20;2;25;67;14;1740;93;23;24;6;31;53;57;1847;88;16;20;6;20;37;15;1705;71;17;29;4
Карачаево-Черкесская Республика;43;59;22;1380;155;68;21;9;51;67;34;1437;136;80;41;16;45;72;32;1382;147;63;16;19;59;79;17;1096;136;49;34;6;54;43;30;994;93;25;24;3;58;41;18;913;70;15;12;4;49;53;25;817;67;14;19;5;40;39;19;1015;50;21;19;7;26;34;10;885;57;12;14;8;30;43;31;757;50;14;9;11;27;34;25;830;69;16;30;6;18;30;13;930;57;11;40;1;21;20;25;925;59;9;55;1
Республика Северная Осетия - Алания;77;66;17;3060;386;82;28;66;70;53;15;2203;390;59;12;40;49;75;21;1851;231;66;6;13;48;68;13;1321;181;51;13;17;46;52;8;1215;117;44;9;9;39;68;9;978;113;32;18;10;34;55;9;944;89;29;12;4;24;51;10;1357;86;22;10;7;32;44;3;1618;78;21;16;9;11;52;16;1341;78;21;17;6;21;53;10;1431;83;14;8;4;24;40;3;1375;62;13;13;3;23;29;5;1327;89;6;12;4
Чеченская Республика;107;28;11;428;25;37;15;11;149;19;2;449;28;25;9;13;101;18;14;531;33;37;8;9;90;9;8;552;15;38;18;10;66;26;7;688;14;31;8;4;53;16;11;601;25;26;6;10;28;14;7;665;17;15;9;6;39;11;4;682;15;9;6;7;25;13;7;771;19;15;10;4;24;10;3;592;10;9;6;4;15;9;2;593;6;7;0;1;14;5;1;863;3;3;2;9;18;3;0;716;5;5;2;5
Ставропольский край;233;555;68;15701;1747;481;100;150;204;505;72;13849;1596;416;139;159;218;520;77;13201;1567;417;106;175;152;463;105;12938;1355;299;77;128;149;469;95;13035;1306;297;107;147;177;389;74;11573;932;222;102;146;143;437;74;11518;786;225;72;118;163;358;81;12806;727;191;70;97;130;327;69;10815;540;215;90;59;121;303;70;10263;597;163;113;43;117;303;66;11688;609;126;149;37;111;310;57;12977;604;114;122;17;92;247;67;11966;523;84;162;23
Южный федеральный округ (до 28.07.2016 г.);1204;2872;603;97163;13703;2236;510;777;1159;2767;518;82547;11562;1882;504;545;1104;2700;456;81150;10176;1659;383;462;1013;2563;404;80525;8638;1388;428;373;991;2456;409;76309;7835;1333;315;368;872;2313;351;74133;6706;1177;259;346;832;2166;351;77274;5948;1075;261;277;826;2010;325;88885;5671;1052;235;283;;;;;;;;;;;;;;;;;;;;;;;;;;;;;;;;;;;;;;;;
Республика Адыгея;43;72;14;1659;251;34;9;10;50;87;18;1807;243;29;11;6;26;71;20;1916;219;35;11;5;23;69;12;1823;181;20;25;11;27;41;34;1438;117;23;11;5;20;55;7;1351;86;17;6;3;15;67;18;1532;101;14;9;2;27;53;9;1910;88;18;8;6;16;54;15;1716;86;16;15;0;14;47;10;1508;71;17;10;1;16;41;6;1321;53;9;7;2;19;43;7;1375;67;10;22;5;19;41;3;1184;62;2;15;0
Республика Калмыкия;35;62;9;1657;207;27;42;76;50;79;9;1024;178;15;34;42;33;65;8;884;139;20;38;29;37;72;16;953;109;18;37;19;33;57;9;991;89;14;20;14;25;62;12;851;58;10;19;8;25;41;21;790;56;7;5;13;22;46;9;801;46;4;12;11;27;59;9;635;30;8;4;1;23;54;8;623;46;16;10;5;19;42;9;559;47;5;15;5;21;31;12;645;50;4;15;8;21;38;3;636;45;5;6;6
Краснодарский край;382;1032;174;27375;2643;532;129;159;358;957;142;23344;2310;457;140;118;388;971;137;25858;2384;494;119;109;327;957;134;27173;2177;403;126;112;355;923;129;26553;1938;432;92;109;345;823;106;26098;1620;338;74;82;304;840;105;29088;1595;403;103;65;307;811;121;33626;1560;414;89;73;277;730;113;29818;1352;307;77;49;273;647;113;27491;1259;262;99;42;245;684;91;28029;1233;221;126;54;215;629;101;28953;1183;236;133;50;200;555;71;27142;988;189;166;50
Астраханская область;118;254;90;8486;1749;265;68;175;101;232;103;7752;1446;246;62;90;105;241;85;7855;1118;209;48;61;106;199;45;7213;952;151;64;48;107;227;65;6660;770;118;49;42;59;190;67;5473;592;109;36;46;57;176;22;4634;475;70;27;13;65;132;32;4543;440;68;19;12;60;131;24;3741;402;60;22;13;55;128;32;3508;328;53;24;13;48;148;39;3458;334;52;22;20;43;102;117;3315;313;47;20;11;41;120;110;4083;200;32;27;11
Волгоградская область;278;665;153;18657;3283;416;89;166;283;660;107;17019;3171;374;141;132;254;610;112;16973;2862;357;97;147;240;581;87;16322;2169;252;105;108;195;556;82;15908;2097;262;87;119;191;562;73;14733;1709;260;61;124;158;467;94;15129;1463;214;58;122;159;429;73;18136;1462;221;57;117;107;394;75;16298;1228;169;108;107;118;360;52;17188;1397;168;120;129;119;307;32;16926;1340;149;79;79;130;310;48;18491;1551;116;122;112;124;279;43;16794;1221;119;173;109
Ростовская область;348;787;163;39329;5570;962;173;191;317;752;139;31601;4214;761;116;157;298;742;94;27664;3454;544;70;111;280;685;110;27041;3050;544;71;75;274;652;90;24759;2824;484;56;79;232;621;86;25627;2641;443;63;83;273;575;91;26101;2258;367;59;62;246;539;81;29869;2075;327;50;64;199;499;69;26468;1909;325;56;31;198;455;72;26281;2032;302;75;29;166;442;85;24671;1758;230;74;29;163;405;59;27031;1621;227;108;29;148;403;64;26909;1303;137;172;30
Приволжский федеральный округ;3668;8780;1373;286140;57924;6488;2503;2867;3298;8326;1196;254378;47436;5418;2277;1864;2900;7799;1075;237733;38784;4505;1770;1375;2630;7669;1082;207832;27953;3547;1481;1100;2556;7409;995;191859;22294;3054;1941;1170;2377;7077;864;164658;16436;2661;1632;922;2190;6399;868;152277;13369;2109;1055;758;2297;5964;920;178076;12183;2173;1022;661;1961;5448;734;150686;10442;2008;1071;519;1991;4699;937;141085;10292;1594;1310;336;1607;4281;893;138921;9113;1278;1284;332;1550;3887;650;141827;7918;1121;1356;330;1492;3687;945;141351;6711;879;1403;268
Республика Башкортостан;420;1123;182;31168;3677;480;302;303;421;1122;164;28696;3492;451;361;212;402;1093;159;29368;3261;404;242;188;375;1108;122;28141;2862;391;170;138;376;1105;208;26007;1889;290;154;107;387;1020;109;20251;1448;304;104;90;388;995;135;19668;1219;243;84;73;354;948;131;28682;1423;301;131;71;318;835;117;24664;1408;293;153;46;323;720;134;21489;1404;271;155;35;254;653;110;21138;1169;214;169;33;238;576;110;19945;1096;185;154;31;230;553;317;20428;836;125;167;18
Республика Марий Эл;131;237;51;7531;2469;167;91;185;115;184;39;5992;1343;107;105;100;113;196;20;4107;687;86;74;72;87;187;43;3473;514;75;35;109;74;169;18;3555;483;66;36;52;60;189;13;3169;398;43;34;29;52;158;15;2668;262;33;30;25;51;148;14;2965;278;28;30;12;48;139;9;2537;236;40;29;24;49;105;12;2410;270;22;33;19;46;108;1;2418;215;18;37;5;49;114;12;2724;215;20;29;5;45;97;8;2754;170;15;29;4
Республика Мордовия;65;156;38;3464;378;66;109;31;69;168;30;2537;252;55;125;12;42;157;14;2314;221;60;33;16;60;174;15;2169;201;41;18;9;43;166;11;2335;199;45;32;24;45;143;13;2485;194;44;17;23;32;167;7;2404;162;33;24;9;48;136;11;2703;163;21;11;3;36;129;9;2159;199;28;17;8;44;108;14;2089;169;14;25;6;33;99;11;1819;145;17;8;2;28;84;9;1911;129;12;28;1;30;79;3;2059;119;12;27;3
Республика Татарстан;321;771;145;34843;4651;652;385;445;286;678;122;30189;3460;510;265;281;266;717;83;26901;3096;452;186;296;277;722;223;24508;2467;352;174;227;289;671;67;22818;2234;377;139;259;278;661;149;19184;1511;312;119;203;289;613;84;17995;1308;273;114;166;264;595;222;21021;1291;273;162;131;282;576;95;17888;1142;307;214;86;272;458;268;15872;980;208;258;43;240;435;230;16377;908;167;259;28;205;399;66;20008;882;176;290;39;252;394;227;19219;814;153;349;47
Удмуртская Республика;216;606;126;18768;5600;459;176;263;146;608;112;16008;4248;403;159;189;146;531;93;13662;2958;319;169;96;144;473;86;11174;2084;225;71;118;125;512;80;10936;1635;196;81;149;110;466;52;9714;1407;195;92;136;110;463;72;9300;1219;168;94;131;109;405;48;9816;1018;173;100;106;114;406;52;8195;777;116;87;107;96;319;45;8034;824;109;143;70;79;273;37;8605;779;67;115;70;79;285;56;9694;693;72;126;67;81;310;48;10892;592;69;136;48
Чувашская Республика;124;317;50;8031;1653;115;156;94;102;305;81;7304;1359;130;130;77;100;265;67;5997;1035;122;146;82;97;245;78;6175;865;119;148;71;80;224;96;5290;756;105;71;85;89;229;68;4162;536;73;45;64;93;208;73;4003;423;50;40;73;98;196;56;5244;441;67;45;46;73;166;49;4150;294;49;32;21;85;175;45;3559;338;33;47;8;38;147;41;3354;234;18;49;13;45;138;23;3339;184;14;52;19;42;120;24;3735;140;22;52;5
Пермский край;529;1619;222;45292;11810;1357;244;304;555;1499;207;40304;9285;915;308;215;446;1377;171;35180;6781;726;269;110;388;1346;159;26160;4054;485;129;85;363;1210;166;28298;3680;435;108;115;317;1099;166;25122;2503;373;96;82;259;923;121;21754;1787;239;84;66;279;853;115;24508;1412;249;78;48;217;787;108;19771;1155;182;101;37;231;701;128;16729;984;163;104;14;200;637;118;15709;855;127;128;12;174;586;125;15662;686;91;106;14;171;511;91;13903;438;87;96;22
Кировская область;151;335;58;11034;1212;145;67;53;132;307;56;9203;1012;173;80;42;125;341;33;9225;1010;131;43;62;93;300;37;8367;809;102;66;52;103;306;48;8110;792;104;99;87;107;318;52;7479;706;99;51;41;93;276;46;6988;608;82;41;52;89;228;41;8882;665;85;47;126;90;239;23;7013;594;86;83;98;103;181;39;6797;716;67;99;57;67;162;22;6817;621;56;85;63;78;129;19;6694;517;44;123;41;59;163;32;7121;412;39;83;23
Нижегородская область;398;801;139;40577;9265;767;276;195;330;804;109;37977;8540;766;217;156;273;723;153;38485;7526;558;177;80;261;710;61;30345;4924;466;283;50;254;655;63;21515;3002;374;866;48;242;625;44;17204;2196;280;781;45;240;529;43;15175;1477;200;309;22;362;463;54;17666;1384;216;184;23;218;454;55;16705;1328;253;97;29;274;402;49;17349;1421;181;158;23;215;378;96;16208;1159;176;144;50;178;343;67;16430;1004;144;144;61;179;357;45;15261;916;97;130;51
Оренбургская область;351;740;98;14892;2642;289;195;182;309;735;66;13691;2236;245;119;91;272;678;50;14139;1976;207;87;45;239;650;50;13689;1556;169;68;26;243;637;57;13334;1441;170;45;21;217;618;43;11700;1287;198;63;19;180;581;80;11661;1120;180;49;30;170;532;49;13250;989;176;44;10;155;431;36;10154;657;126;53;11;130;411;53;9476;683;123;49;11;117;352;59;9102;570;68;42;15;110;314;65;8972;514;72;55;13;88;274;44;9307;407;37;66;8
Пензенская область;94;273;55;9349;1114;100;47;38;116;253;47;8052;864;111;54;17;82;199;57;6920;645;78;32;9;62;259;40;6012;513;60;26;6;74;248;37;5132;418;63;20;13;75;236;26;4538;314;43;17;12;59;219;34;4410;277;36;14;4;55;195;28;4766;285;49;12;5;49;184;18;3929;211;36;12;3;37;147;16;3645;206;27;14;2;40;183;30;4349;253;22;23;3;37;154;12;4331;162;15;34;8;47;147;17;4415;154;16;35;2
Самарская область;436;783;101;33311;8550;1126;328;502;390;763;85;28949;7234;937;223;334;326;757;66;27815;6140;826;191;213;264;704;60;27191;4461;669;162;125;250;693;56;26274;3692;481;143;132;226;668;57;22017;2353;345;97;101;170;571;54;19900;2035;282;79;56;191;561;41;19325;1423;266;98;50;157;508;52;16931;1251;244;62;26;162;473;36;16854;1243;208;120;30;124;420;40;16587;1102;154;105;21;133;333;24;16557;922;146;104;19;118;344;33;16617;902;91;94;26
Саратовская область;245;614;57;19248;3161;408;54;121;199;555;41;17870;2827;344;64;67;181;410;65;17275;2431;290;52;49;166;420;53;14226;1721;192;63;43;160;478;46;11652;1290;163;61;35;126;433;36;11748;933;158;67;45;130;385;64;10414;882;145;38;27;124;396;81;12370;905;149;39;18;111;318;58;10270;662;122;55;15;110;289;70;11303;677;77;42;11;90;256;85;11418;690;95;75;10;104;262;46;11337;615;79;68;5;79;194;32;11466;531;59;99;7
Ульяновская область;187;405;51;8632;1742;357;73;151;128;345;37;7606;1284;271;67;71;126;355;44;6345;1017;246;69;57;117;371;55;6202;922;201;68;41;122;335;42;6603;783;185;86;43;98;372;36;5885;650;194;49;32;95;311;40;5937;590;145;55;24;103;308;29;6878;506;120;41;12;93;276;53;6320;528;126;76;8;75;210;28;5479;377;91;63;7;64;178;13;5020;413;79;45;7;92;170;16;4223;299;51;43;7;71;144;24;4174;280;57;40;4
Уральский федеральный округ;2015;5140;686;139921;28641;3285;1038;2364;1778;5046;596;125194;23545;2733;927;1341;1603;4586;576;119181;18178;2128;715;1041;1449;4395;464;104305;12623;1677;658;774;1341;4355;452;93222;9772;1462;662;632;1281;4204;511;86249;8417;1446;1091;690;1243;4067;521;82655;7067;1318;509;557;1226;3469;395;91401;6369;1261;508;388;1085;3153;452;75738;6054;1144;727;291;942;2805;359;73726;5935;850;681;231;849;2520;443;69429;5268;724;632;213;800;2301;404;71890;5239;668;667;207;738;2160;583;65721;3945;507;795;151
Курганская область;221;353;57;10816;1321;143;82;339;173;348;57;8151;964;136;60;209;155;340;65;7888;848;118;78;158;147;289;31;7465;649;78;32;160;149;323;50;6684;571;76;53;98;128;265;38;6059;446;103;39;33;139;309;35;6406;384;106;20;19;136;231;51;7273;356;107;23;24;95;183;44;5795;351;91;23;25;104;172;18;5642;321;79;34;15;94;162;29;5616;294;78;26;10;97;139;26;5624;218;41;48;22;72;99;81;4610;200;40;43;7
Свердловская область;738;1771;270;49543;11963;1208;335;538;646;1770;253;45249;9278;1006;458;346;534;1539;251;38478;6375;780;275;185;498;1483;201;30528;4028;597;141;113;449;1522;166;29773;3359;554;105;126;450;1441;213;28566;2945;513;106;120;457;1446;262;27250;2313;430;101;97;430;1278;135;30121;2100;459;85;73;399;1058;142;25988;1979;423;90;46;338;948;145;24747;1855;277;62;30;289;840;245;21895;1649;284;96;39;285;734;170;22004;1612;235;80;28;283;736;300;21560;1124;196;92;34
Тюменская область (с а/о);504;1520;164;37096;6619;825;431;913;464;1449;150;33888;5338;720;227;507;450;1357;150;33143;4255;573;242;492;372;1344;152;30920;3310;417;380;340;360;1253;139;25053;2081;369;363;237;305;1250;162;25086;1971;357;341;367;290;1149;120;22371;1602;303;210;196;311;946;118;22968;1273;279;250;139;270;944;144;18354;1073;222;293;101;244;834;87;17196;986;149;330;79;224;784;99;16975;859;125;290;81;205;769;124;17439;713;130;320;74;208;711;95;15472;514;99;377;59
Тюменская область (без а/о);230;706;97;19550;4175;485;163;597;214;700;81;17191;3262;412;79;281;192;663;86;16921;2449;311;70;231;160;618;73;15081;1859;204;193;120;152;562;65;11906;1209;189;234;78;125;555;100;12936;1267;191;248;234;122;533;58;11974;1058;181;102;97;122;428;67;11967;860;152;152;77;114;404;63;9177;686;138;211;47;99;367;53;8594;631;82;189;41;96;352;56;8908;554;61;172;38;90;354;61;9277;466;66;132;29;93;335;50;7756;288;52;177;26
Ханты-Мансийский автономный округ - Югра;191;607;37;14532;2111;302;217;287;184;535;36;13740;1796;270;112;218;179;515;45;13292;1531;225;150;250;139;526;46;12620;1166;171;151;208;134;452;29;9987;682;145;105;150;114;485;36;9125;553;128;70;122;109;421;49;7591;405;101;91;88;115;356;33;7901;316;92;72;50;99;408;58;6701;299;69;62;49;94;346;29;6178;269;56;128;35;77;325;27;5943;208;50;97;37;70;284;19;6031;170;50;170;42;70;272;18;5518;149;38;163;31
Ямало-Ненецкий автономный округ;83;207;30;3014;333;38;51;29;66;214;33;2957;280;38;36;8;79;179;19;2930;275;37;22;11;73;200;33;3219;285;42;36;12;74;239;45;3160;190;35;24;9;66;210;26;3025;151;38;23;11;59;195;13;2806;139;21;17;11;74;162;18;3100;97;35;26;12;57;132;23;2476;88;15;20;5;51;121;5;2424;86;11;13;3;51;107;16;2124;97;14;21;6;45;131;44;2131;77;14;18;3;45;104;27;2198;77;9;37;2
Челябинская область;552;1496;195;42466;8738;1109;190;574;495;1479;136;37906;7965;871;182;279;464;1350;110;39672;6700;657;120;206;432;1279;80;35392;4636;585;105;161;383;1257;97;31712;3761;463;141;171;398;1248;98;26538;3055;473;605;170;357;1163;104;26628;2768;479;178;245;349;1014;91;31039;2640;416;150;152;321;968;122;25601;2651;408;321;119;256;851;109;26141;2773;345;255;107;242;734;70;24943;2466;237;220;83;213;659;84;26823;2696;262;219;83;175;614;107;24079;2107;172;283;51
Сибирский федеральный округ (до 03.11.2018 г.);4070;11366;1097;236811;48334;6168;1980;1552;3549;10751;847;213522;40841;5537;1346;1210;3155;9868;887;200210;32940;4601;983;661;3032;9321;840;187935;25660;3848;837;491;2816;8980;782;182341;22454;3378;824;426;2555;8530;834;179350;19154;2910;810;472;2560;8078;796;170168;15939;2592;694;412;2365;7402;661;188654;14232;2285;624;260;2289;6523;713;163155;11822;1766;684;195;2073;5939;736;149147;10847;1462;775;190;;;;;;;;;;;;;;;;;;;;;;;;
Республика Алтай;56;115;25;2177;233;34;19;6;56;131;21;1995;226;33;18;8;42;122;36;1760;134;30;9;5;30;110;22;1769;111;15;7;1;34;111;17;1736;99;16;6;4;50;87;33;1932;96;13;1;0;48;90;27;1689;75;16;6;3;40;88;9;2004;74;17;2;0;30;78;12;1746;67;13;4;3;38;71;20;1463;67;10;6;0;33;60;8;1463;36;15;15;2;22;65;12;1195;47;9;8;0;27;68;3;1304;38;7;9;3
Республика Бурятия;294;692;57;14799;2576;147;164;303;241;647;57;13093;2012;151;142;151;241;530;51;12098;1457;128;96;89;208;527;46;10575;1131;128;82;40;209;544;40;10345;1041;101;108;45;172;489;51;10542;878;104;73;47;195;451;34;10451;846;91;50;22;220;425;50;12127;810;149;49;24;241;296;54;9759;628;88;48;17;286;249;67;10323;783;79;36;27;;;;;;;;;;;;;;;;;;;;;;;;
Республика Тыва;196;625;160;1558;357;77;11;33;182;683;87;1552;328;76;9;30;170;602;101;1606;357;101;12;33;137;568;93;1636;340;64;6;10;150;554;62;1771;313;76;3;9;119;433;87;2227;300;83;7;12;138;449;67;2428;246;61;11;5;128;368;57;3498;308;72;7;7;111;395;77;5097;499;84;3;7;83;395;85;5466;602;71;3;13;88;373;53;3945;409;38;3;14;114;332;29;3626;279;37;7;6;98;324;33;3285;276;40;7;4
Республика Хакасия;103;254;18;7276;761;77;25;14;80;298;29;7030;654;63;38;17;73;224;19;5958;563;50;18;9;102;214;44;5355;448;60;26;12;79;294;20;5381;434;43;7;9;86;248;23;4777;342;43;11;9;87;234;33;6157;407;53;28;83;71;189;38;6459;311;44;19;18;88;232;15;4194;235;25;14;10;75;169;48;4652;258;28;13;9;64;173;42;4086;218;31;25;7;47;141;12;3584;157;25;26;5;54;141;45;3455;166;20;34;5
Алтайский край;377;926;90;29218;4817;315;110;56;294;859;74;23988;3501;316;96;16;263;848;82;21168;2270;234;57;12;284;801;75;20104;1826;198;81;17;238;728;64;18068;1366;164;97;18;205;719;70;19139;1271;127;151;40;199;694;91;18492;1038;116;112;16;207;643;62;20763;996;125;97;13;196;586;66;17838;912;122;134;6;160;535;61;15347;825;85;130;4;146;534;46;14624;660;97;108;7;171;423;60;13787;505;71;124;7;161;454;54;14440;488;62;164;4
Забайкальский край;424;1017;85;12857;1823;317;159;38;410;926;96;12697;1744;331;121;33;384;854;93;13376;1733;339;118;30;323;785;80;14259;1463;283;116;24;329;735;86;14486;1241;283;98;26;326;781;123;16422;1288;298;70;24;288;666;93;14992;1151;239;107;18;226;555;89;15971;948;213;91;23;209;513;59;13945;829;130;92;19;173;507;45;12036;740;122;86;14;;;;;;;;;;;;;;;;;;;;;;;;
Красноярский край;507;1315;157;36759;5335;736;196;184;441;1373;109;33148;4829;717;205;139;392;1351;136;31261;4220;567;136;99;365;1238;121;28928;3284;503;119;103;372;1209;110;26654;2882;428;108;58;324;1175;91;26527;2414;410;101;60;319;1108;127;24370;1997;344;81;52;308;1077;65;28085;1882;330;69;29;333;949;128;24661;1660;243;86;31;287;947;109;21508;1396;205;83;28;271;780;112;19249;1104;176;86;28;229;764;60;19759;862;160;113;18;237;725;83;20227;773;120;109;30
Иркутская область;745;2388;163;34940;11137;1415;352;470;645;2058;111;31500;8830;1189;193;482;538;1595;91;27589;6944;1042;159;180;549;1533;78;25956;5238;823;125;105;494;1544;90;28071;5021;739;91;92;399;1271;99;26782;4248;531;79;45;411;1200;75;23893;2948;420;75;43;369;1033;55;23420;2157;330;74;31;325;987;53;19306;1740;211;64;17;266;873;76;18024;1529;215;86;18;275;869;48;17818;1287;177;60;13;247;796;110;19899;1245;185;46;16;247;842;51;17499;887;131;49;10
Кемеровская область - Кузбасс;583;1863;103;30590;8979;1432;147;82;496;1803;91;30910;9026;1231;108;62;462;1831;84;28467;6199;862;115;33;494;1685;99;29985;5829;775;112;58;393;1539;91;28523;4752;629;111;44;354;1536;90;26027;3788;506;158;130;399;1439;77;24864;3146;457;124;99;342;1346;91;25910;2841;304;76;71;297;1092;60;22934;2256;267;101;25;296;992;84;20883;2156;218;152;21;210;901;87;19331;1529;154;89;7;186;827;64;20425;1280;121;90;10;220;681;58;20022;1118;126;106;8
Новосибирская область;391;1024;135;32069;6927;962;675;256;337;931;65;29169;5415;850;301;177;284;863;74;27079;4590;778;152;132;293;794;97;25379;3202;547;127;80;267;696;102;23327;2725;511;137;91;251;722;87;23256;2354;455;112;63;233;776;80;21982;2257;487;70;53;225;804;68;26313;2059;446;105;33;249;601;124;22003;1554;320;101;53;213;522;76;20608;1283;222;119;43;178;578;74;21765;1303;165;182;51;137;492;154;24393;1219;167;136;58;146;468;75;26239;1165;162;205;42
Омская область;254;710;79;19722;2553;468;72;86;242;658;68;16279;1924;384;61;80;174;605;77;14895;1635;280;32;30;167;648;56;12916;1256;336;20;28;145;650;83;12993;1170;257;13;23;170;688;59;12464;1032;227;14;23;129;590;72;11876;901;217;15;10;130;515;58;13875;824;170;16;6;121;486;44;12934;751;169;22;5;114;397;43;11706;644;122;27;3;105;412;45;10386;492;88;19;7;88;337;29;8253;390;81;17;5;76;316;24;8786;310;68;21;9
Томская область;140;437;25;14846;2836;188;50;24;125;384;39;12161;2352;196;54;15;132;443;43;14953;2838;190;79;9;80;418;29;11073;1532;116;16;13;106;376;17;10986;1410;131;45;7;99;381;21;9255;1143;113;33;19;114;381;20;8974;927;91;15;8;99;359;19;10229;1022;85;19;5;89;308;21;8738;691;94;15;2;82;282;22;7131;564;85;34;10;63;242;20;6591;498;61;23;3;49;227;31;6037;411;46;29;10;52;223;22;6714;368;46;38;9
Дальневосточный федеральный округ (до 03.11.2018 г.);1569;3668;361;87739;15107;1709;842;379;1320;3310;322;71541;12136;1407;560;192;1108;3181;239;62391;9444;1104;332;193;1065;3125;271;60263;7998;920;287;138;993;2982;290;59477;6711;940;296;118;1062;2861;278;59851;6010;877;285;132;951;2569;318;53867;4449;745;314;109;878;2331;320;55481;3877;640;234;79;805;2139;449;48819;3288;511;221;53;762;1905;205;43352;2862;459;228;68;;;;;;;;;;;;;;;;;;;;;;;;
Республика Саха (Якутия);230;727;74;9031;2026;237;84;63;208;665;41;7801;1514;162;70;35;180;665;41;7360;1278;164;48;38;166;632;63;6716;1035;105;40;15;163;599;56;4989;611;86;25;12;162;512;47;4002;427;82;32;30;142;453;71;3804;403;65;34;25;128;430;54;3986;372;48;28;19;143;372;19;4108;371;49;35;14;136;348;25;4127;411;49;25;15;111;361;48;3706;312;39;32;21;106;337;53;3745;322;40;30;15;116;290;56;3059;241;33;30;14
Камчатский край;46;113;14;2011;232;38;7;5;45;112;15;2225;225;34;1;3;44;103;17;1730;145;27;10;2;34;107;17;2167;196;20;12;7;25;108;26;2291;198;18;6;7;33;97;19;2034;163;17;10;2;32;107;27;1905;124;18;10;1;39;89;16;2179;137;16;9;1;33;98;15;2340;116;24;11;2;27;88;12;2174;82;13;5;3;32;95;9;1944;97;16;13;1;25;76;7;1721;79;12;8;0;36;69;9;1659;71;9;7;2
Приморский край;498;979;80;30845;5310;729;250;176;411;851;71;25133;4203;633;154;85;332;845;54;22538;3322;494;138;102;309;816;88;21923;2893;425;123;67;254;858;102;24145;2629;452;161;58;343;901;103;24852;2330;408;137;46;325;765;88;19786;1535;329;162;41;240;683;50;19185;1191;255;100;29;204;642;55;15030;929;186;84;15;199;563;43;12876;785;167;80;20;160;514;52;11142;637;119;76;14;152;532;33;10445;541;99;96;15;148;490;35;11361;560;114;71;21
Хабаровский край;344;832;88;25117;4658;391;392;88;264;758;110;18744;3745;302;242;38;262;697;46;14644;2607;189;82;31;209;655;37;13379;2107;167;37;25;228;633;32;12165;1692;178;40;14;221;554;42;12932;1584;164;56;21;189;515;58;13168;1191;146;56;21;199;449;131;13884;1100;152;52;12;175;392;311;11868;878;105;40;9;162;347;55;10074;739;81;31;4;151;360;52;9672;620;76;37;9;138;288;30;10431;600;71;30;8;158;294;40;9039;430;59;48;7
Амурская область;219;495;39;10085;1582;183;64;21;177;445;47;8491;1323;171;58;11;150;405;43;8475;1222;126;30;12;190;451;42;8872;956;123;56;17;158;388;44;8525;908;124;37;12;159;367;29;7782;803;133;22;10;131;323;35;7831;654;123;35;6;127;336;32;8970;611;126;29;4;110;307;27;8238;556;90;27;4;114;255;30;7773;461;101;64;16;118;272;15;7231;421;46;47;3;120;263;33;8216;438;61;56;10;102;204;22;7524;378;62;53;13
Магаданская область;50;90;10;1554;188;22;12;5;40;75;13;1478;166;15;7;4;30;94;9;1166;139;19;6;1;30;83;3;1155;127;26;3;1;25;72;13;1134;107;20;8;1;30;68;10;1209;94;12;6;3;28;67;5;1097;57;10;1;2;34;61;3;1009;75;7;6;2;34;66;4;891;69;8;8;1;31;56;6;719;68;5;7;0;24;42;3;775;66;10;6;1;34;38;5;781;42;11;7;0;19;51;7;781;33;7;1;1
Сахалинская область;122;277;36;6449;831;88;21;18;123;243;10;5492;687;63;18;11;71;209;6;4393;505;59;11;5;76;208;10;4047;486;33;11;3;90;185;6;4139;391;35;10;9;69;220;12;5299;425;38;12;15;73;224;19;4617;344;37;9;8;81;194;12;4343;259;16;5;11;56;160;9;4746;268;32;10;6;59;174;26;3928;227;21;13;7;50;164;11;3492;206;31;22;11;41;160;3;3244;150;29;14;2;38;115;8;2866;105;22;25;2
Еврейская автономная область;53;106;13;2333;256;17;11;2;32;113;7;1900;253;25;8;3;30;109;18;1781;209;23;6;1;38;129;9;1724;182;19;5;3;37;87;10;1810;151;24;7;3;38;94;4;1491;163;20;4;3;20;80;12;1453;128;14;7;5;23;59;7;1612;111;18;5;0;36;69;8;1364;88;14;3;1;26;45;6;1484;79;20;3;2;27;58;5;1490;80;16;10;2;27;62;6;1383;74;9;7;2;17;50;9;1429;67;11;11;1
Чукотский автономный округ;7;49;7;314;24;4;1;1;20;48;8;277;20;2;2;2;9;54;5;304;17;3;1;1;13;44;2;280;16;2;0;0;13;52;1;279;24;3;2;2;7;48;12;250;21;3;6;2;11;35;3;206;13;3;0;0;7;30;15;313;21;2;0;1;14;33;1;234;13;3;3;1;8;29;2;197;10;2;0;1;8;33;2;192;12;0;0;1;10;29;3;193;9;1;2;0;8;22;0;221;6;0;5;0
